id,name,account_type_name
41379,Account 41379,Analyst
41410,Account 41410,Analyst
41519,Account 41519,Analyst
41577,Account 41577,Analyst
45765,Account 45765,Analyst
41189,Account 41189,Analyst
41293,Account 41293,Analyst
41178,Account 41178,Analyst
41228,Account 41228,Analyst
41321,Account 41321,Analyst
41197,Account 41197,Analyst
41277,Account 41277,Analyst
41208,Account 41208,Analyst
41241,Account 41241,Analyst
41284,Account 41284,Analyst
41180,Account 41180,Analyst
41230,Account 41230,Analyst
41263,Account 41263,Analyst
41159,Account 41159,Analyst
41210,Account 41210,Analyst
